{"cameraMode":{"drawMode":0,"name":"Shaded","section":"Shading Mode"},"sceneLighting":true,"audioPlay":false,"sceneViewState":{"m_AlwaysRefresh":false,"showFog":true,"showSkybox":true,"showFlares":true,"showImageEffects":true,"showParticleSystems":true,"showVisualEffectGraphs":true,"m_FxEnabled":true},"in2DMode":false,"pivot":{"x":-0.048409976065158847,"y":1.5852479934692383,"z":-0.07189622521400452},"rotation":{"x":-0.3633844554424286,"y":0.02095010131597519,"z":-0.008174221962690354,"w":-0.9313592314720154},"size":1.0307763814926148,"orthographic":false}