{"cameraMode":{"drawMode":0,"name":"Shaded","section":"Shading Mode"},"sceneLighting":true,"audioPlay":false,"sceneViewState":{"m_AlwaysRefresh":false,"showFog":true,"showSkybox":true,"showFlares":true,"showImageEffects":true,"showParticleSystems":true,"showVisualEffectGraphs":true,"m_FxEnabled":true},"in2DMode":false,"pivot":{"x":-0.40474557876586916,"y":2.223283290863037,"z":1.6907434463500977},"rotation":{"x":-0.422749400138855,"y":-0.008164403028786183,"z":0.0038094427436590196,"w":-0.9061921834945679},"size":3.3949873447418215,"orthographic":false}