{"cameraMode":{"drawMode":0,"name":"Shaded","section":"Shading Mode"},"sceneLighting":true,"audioPlay":false,"sceneViewState":{"m_AlwaysRefresh":false,"showFog":true,"showSkybox":true,"showFlares":true,"showImageEffects":true,"showParticleSystems":true,"showVisualEffectGraphs":true,"m_FxEnabled":true},"in2DMode":false,"pivot":{"x":0.2122083306312561,"y":-1.6027394533157349,"z":9.028560638427735},"rotation":{"x":-0.1481824815273285,"y":-0.030556686222553254,"z":0.004576972220093012,"w":-0.988436758518219},"size":4.633747100830078,"orthographic":false}